Keyword Stats 2026-04-30 at 13_43_39,,,,,,,,,,,,,,,,,,,,,,,,,
"April 1, 2025 - March 31, 2026",,,,,,,,,,,,,,,,,,,,,,,,,
Keyword,Currency,Avg. monthly searches,Three month change,YoY change,Competition,Competition (indexed value),Top of page bid (low range),Top of page bid (high range),Ad impression share,Organic impression share,Organic average position,In account?,In plan?,Searches: Apr 2025,Searches: May 2025,Searches: Jun 2025,Searches: Jul 2025,Searches: Aug 2025,Searches: Sep 2025,Searches: Oct 2025,Searches: Nov 2025,Searches: Dec 2025,Searches: Jan 2026,Searches: Feb 2026,Searches: Mar 2026
carpet cleaning,USD,500000,0%,0%,High,94,2,11.09,,,,,Y,,,,,,,,,,,,
carpet cleaning near me,USD,500000,0%,0%,Medium,64,2.77,14.71,,,,,Y,,,,,,,,,,,,
bissell carpet cleaner,USD,50000,0%,0%,High,100,5.11,7,,,,,Y,,,,,,,,,,,,
rug cleaning near me,USD,50000,0%,0%,Medium,64,2.48,11.5,,,,,Y,,,,,,,,,,,,
stanley steemer near me,USD,50000,0%,0%,Medium,49,1.85,10.27,,,,,Y,,,,,,,,,,,,
hoover carpet cleaner,USD,50000,0%,0%,High,100,0.2,1,,,,,Y,,,,,,,,,,,,
best carpet cleaner,USD,50000,0%,0%,High,100,0.53,3.28,,,,,Y,,,,,,,,,,,,
carpet cleaning services,USD,50000,0%,0%,Low,19,3.04,14.87,,,,,Y,,,,,,,,,,,,
area rug cleaning near me,USD,50000,0%,0%,Medium,64,2.48,11.5,,,,,Y,,,,,,,,,,,,
rug cleaning,USD,50000,0%,0%,Medium,59,2.61,11.15,,,,,Y,,,,,,,,,,,,
professional carpet cleaning,USD,50000,0%,0%,High,87,2.7,13.38,,,,,Y,,,,,,,,,,,,
bissell spotclean pro,USD,5000,0%,0%,High,100,0.29,1.69,,,,,Y,,,,,,,,,,,,
zerorez carpet cleaning,USD,50000,0%,-90%,Medium,61,1.54,8.69,,,,,Y,,,,,,,,,,,,
sofa cleaning,USD,50000,0%,0%,High,94,1.29,8.58,,,,,Y,,,,,,,,,,,,
oriental rugs,USD,50000,0%,0%,High,100,0.76,3.9,,,,,Y,,,,,,,,,,,,
coit carpet cleaning,USD,5000,0%,0%,High,84,3,16.41,,,,,Y,,,,,,,,,,,,
carpet steam cleaner,USD,50000,0%,0%,High,100,0.51,6.63,,,,,Y,,,,,,,,,,,,
chem dry carpet cleaning,USD,5000,0%,0%,Medium,47,2.04,10.52,,,,,Y,,,,,,,,,,,,
oriental rug cleaning near me,USD,5000,0%,0%,High,68,2.27,11.59,,,,,Y,,,,,,,,,,,,
bissell spot clean,USD,5000,0%,0%,High,100,0.34,1.45,,,,,Y,,,,,,,,,,,,
zero rez,USD,50000,0%,0%,Medium,44,0.57,8.73,,,,,Y,,,,,,,,,,,,
carpet drying service,USD,500,900%,900%,High,84,10,54.28,,,,,Y,,,,,,,,,,,,
professional carpet cleaning near me,USD,5000,0%,-90%,High,67,2.28,13,,,,,Y,,,,,,,,,,,,
area rug cleaning,USD,5000,900%,0%,Medium,60,1.9,10,,,,,Y,,,,,,,,,,,,
carpet cleaning services near me,USD,50000,0%,0%,Medium,39,2.74,14.53,,,,,Y,,,,,,,,,,,,
carpet cleaning companies,USD,50000,0%,0%,Medium,46,3.09,15.51,,,,,Y,,,,,,,,,,,,
carpet removal,USD,5000,0%,0%,Medium,52,2.27,17.31,,,,,Y,,,,,,,,,,,,
professional rug cleaning,USD,5000,0%,0%,Medium,47,2.65,11.22,,,,,Y,,,,,,,,,,,,
rug cleaning service,USD,50000,0%,0%,Low,19,3.04,14.87,,,,,Y,,,,,,,,,,,,
portable carpet cleaner,USD,50000,0%,0%,High,71,0.24,1.68,,,,,Y,,,,,,,,,,,,
spot cleaner,USD,5000,0%,0%,High,100,0.38,1.45,,,,,Y,,,,,,,,,,,,
carpet steamer,USD,5000,0%,0%,High,100,0.39,4.56,,,,,Y,,,,,,,,,,,,
$99 carpet cleaning near me,USD,5000,900%,0%,High,83,1.81,9.5,,,,,Y,,,,,,,,,,,,
modernistic carpet cleaning,USD,5000,900%,900%,Medium,60,2.69,15,,,,,Y,,,,,,,,,,,,
carpet extractor,USD,5000,900%,900%,High,100,0.51,4.4,,,,,Y,,,,,,,,,,,,
carpet and upholstery cleaner,USD,5000,0%,0%,High,100,0.94,10.74,,,,,Y,,,,,,,,,,,,
pet carpet cleaner,USD,5000,0%,0%,High,100,0.59,4.91,,,,,Y,,,,,,,,,,,,
bissell spotclean pet pro,USD,5000,-90%,0%,High,100,0.47,2.27,,,,,Y,,,,,,,,,,,,
carpet removal cost,USD,5000,0%,0%,Low,18,2.56,15.21,,,,,Y,,,,,,,,,,,,
best home carpet cleaner,USD,5000,0%,0%,High,100,0.55,2.3,,,,,Y,,,,,,,,,,,,
zerorez near me,USD,5000,900%,0%,Medium,43,2.5,10.29,,,,,Y,,,,,,,,,,,,
chemdry near me,USD,5000,0%,0%,Medium,35,2.69,12.1,,,,,Y,,,,,,,,,,,,
same day carpet cleaning,USD,5000,900%,0%,High,83,5.35,19.82,,,,,Y,,,,,,,,,,,,
hand held carpet cleaner,USD,5000,0%,0%,High,100,0.38,1.35,,,,,Y,,,,,,,,,,,,
dyson carpet cleaner,USD,5000,0%,0%,High,100,0.43,1.84,,,,,Y,,,,,,,,,,,,
persian rug cleaning near me,USD,500,0%,-90%,High,85,2.57,12,,,,,Y,,,,,,,,,,,,
steam cleaning services,USD,5000,0%,0%,High,71,3.06,13.88,,,,,Y,,,,,,,,,,,,
stanley steemer carpet cleaning,USD,500000,0%,0%,Medium,40,1.29,6.82,,,,,Y,,,,,,,,,,,,
clean carpet,USD,500000,0%,0%,High,94,2,11.09,,,,,Y,,,,,,,,,,,,
carpet cleaning specials,USD,5000,900%,0%,Medium,42,2.58,11.91,,,,,Y,,,,,,,,,,,,
cheap carpet cleaning near me,USD,5000,0%,0%,High,83,2.85,13.06,,,,,Y,,,,,,,,,,,,
green carpet cleaning,USD,5000,0%,0%,High,95,1.7,10.01,,,,,Y,,,,,,,,,,,,
local carpet cleaners,USD,5000,0%,0%,High,74,2.98,16.14,,,,,Y,,,,,,,,,,,,
small carpet cleaner,USD,5000,0%,0%,High,100,0.22,1.44,,,,,Y,,,,,,,,,,,,
mytee extractor,USD,5000,0%,0%,High,100,0.5,4,,,,,Y,,,,,,,,,,,,
carpet drying,USD,500,0%,0%,Medium,37,7.51,42.25,,,,,Y,,,,,,,,,,,,
bissell pet carpet cleaner,USD,5000,0%,0%,High,100,0.51,7,,,,,Y,,,,,,,,,,,,
commercial carpet cleaner,USD,50000,0%,-90%,High,93,1.65,17.1,,,,,Y,,,,,,,,,,,,
best portable carpet cleaner,USD,5000,0%,0%,High,100,0.48,1.33,,,,,Y,,,,,,,,,,,,
chem dry carpet cleaning near me,USD,500,0%,0%,Medium,43,2.24,10.65,,,,,Y,,,,,,,,,,,,
wet carpet,USD,500,0%,0%,Medium,41,6.6,33.94,,,,,Y,,,,,,,,,,,,
cleaning carpet,USD,500000,0%,0%,High,94,2,11.09,,,,,Y,,,,,,,,,,,,
rug doctor carpet cleaner,USD,5000,0%,0%,High,100,0.25,3.21,,,,,Y,,,,,,,,,,,,
carpet cleaning companies near me,USD,50000,-90%,0%,Medium,50,2.99,15.15,,,,,Y,,,,,,,,,,,,
karcher carpet cleaner,USD,500,0%,0%,High,100,0.37,4,,,,,Y,,,,,,,,,,,,
carpet deep cleaning,USD,50000,0%,0%,High,86,2.08,10,,,,,Y,,,,,,,,,,,,
office carpet,USD,5000,0%,0%,High,100,1.01,12.39,,,,,Y,,,,,,,,,,,,
cheap carpet cleaning,USD,5000,0%,0%,High,91,0.53,9.09,,,,,Y,,,,,,,,,,,,
same day carpet cleaning near me,USD,500,0%,0%,High,86,3.84,16.62,,,,,Y,,,,,,,,,,,,
flooded carpet,USD,500,0%,0%,Low,20,11.6,70,,,,,Y,,,,,,,,,,,,
carpet cleaning specials near me,USD,5000,900%,0%,High,84,2.9,14,,,,,Y,,,,,,,,,,,,
tineco carpet cleaner,USD,5000,0%,0%,High,100,0.38,1.09,,,,,Y,,,,,,,,,,,,
industrial carpet cleaner,USD,5000,0%,0%,High,100,0.94,6,,,,,Y,,,,,,,,,,,,
zerorez carpet,USD,500,0%,0%,Medium,57,2.16,9.9,,,,,Y,,,,,,,,,,,,
upholstery steam cleaner,USD,5000,0%,0%,High,100,0.46,3.6,,,,,Y,,,,,,,,,,,,
carpet restoration near me,USD,500,0%,0%,High,79,5.74,41.91,,,,,Y,,,,,,,,,,,,
oriental rug cleaning,USD,5000,0%,0%,Medium,37,2.62,11,,,,,Y,,,,,,,,,,,,
best pet carpet cleaner,USD,5000,0%,0%,High,100,0.57,2.35,,,,,Y,,,,,,,,,,,,
bissell spot clean pet pro,USD,5000,0%,0%,High,100,0.38,1.54,,,,,Y,,,,,,,,,,,,
servicemaster carpet cleaning,USD,500,0%,0%,Medium,62,3.03,26.66,,,,,Y,,,,,,,,,,,,
bissell portable carpet cleaner,USD,5000,0%,0%,High,100,0.37,1.67,,,,,Y,,,,,,,,,,,,
carpet steam cleaning near me,USD,5000,0%,0%,High,77,2.69,13.82,,,,,Y,,,,,,,,,,,,
carpet cleaning cost,USD,5000,0%,0%,Medium,62,1.83,8,,,,,Y,,,,,,,,,,,,
carpet cleaning prices,USD,5000,0%,0%,Medium,62,1.83,8,,,,,Y,,,,,,,,,,,,
carpet restoration,USD,500,0%,0%,High,71,6.9,35.56,,,,,Y,,,,,,,,,,,,
affordable carpet cleaning,USD,5000,0%,0%,Medium,64,2.78,13.48,,,,,Y,,,,,,,,,,,,
coit carpet cleaning near me,USD,500,0%,0%,High,78,3.17,16.05,,,,,Y,,,,,,,,,,,,
deep cleaners near me,USD,5000,0%,-90%,Medium,41,3.52,15.21,,,,,Y,,,,,,,,,,,,
best rug cleaner,USD,5000,0%,0%,High,100,0.54,4.3,,,,,Y,,,,,,,,,,,,
carpet dry cleaning,USD,500,0%,-90%,High,74,1.92,9.46,,,,,Y,,,,,,,,,,,,
bissell turboclean powerbrush pet,USD,5000,0%,0%,High,100,0.32,1.6,,,,,Y,,,,,,,,,,,,
best carpet steam cleaner,USD,5000,0%,0%,High,100,0.54,2.92,,,,,Y,,,,,,,,,,,,
hoover cleanslate portable carpet cleaner,USD,500,0%,0%,High,92,0.4,0.77,,,,,Y,,,,,,,,,,,,
servpro carpet cleaning,USD,500,0%,0%,Medium,60,3.53,40,,,,,Y,,,,,,,,,,,,
top rated carpet cleaners,USD,5000,0%,0%,High,100,0.5,2.31,,,,,Y,,,,,,,,,,,,
oriental rugs near me,USD,5000,0%,0%,High,100,1.09,4.58,,,,,Y,,,,,,,,,,,,
hoover spot cleaner,USD,500,0%,-90%,High,100,0.29,0.8,,,,,Y,,,,,,,,,,,,
affordable carpet,USD,500,0%,0%,High,97,2.33,19.85,,,,,Y,,,,,,,,,,,,
bissell cleaner,USD,5000,0%,0%,High,100,0.4,3.12,,,,,Y,,,,,,,,,,,,
best carpet cleaners near me,USD,5000,0%,0%,High,79,2.76,12.91,,,,,Y,,,,,,,,,,,,
bissell spotclean proheat,USD,500,0%,0%,High,99,0.27,1.33,,,,,,,,,,,,,,,,,
best bissell carpet cleaner,USD,500,0%,-90%,High,100,0.6,7,,,,,,,,,,,,,,,,,
zerorez specials,USD,500,0%,0%,Medium,55,1.62,8,,,,,,,,,,,,,,,,,
carpet pricing,USD,5000,0%,0%,High,97,0.32,5.88,,,,,,,,,,,,,,,,,
best carpet cleaning company,USD,5000,900%,0%,High,79,2.4,13.3,,,,,,,,,,,,,,,,,
coit cleaning prices,USD,500,0%,0%,Medium,51,2.73,12.23,,,,,,,,,,,,,,,,,
carpet cleaning deals near me,USD,500,0%,0%,High,96,2.53,10.39,,,,,,,,,,,,,,,,,
carpet spot cleaner,USD,5000,0%,0%,High,100,0.41,3,,,,,,,,,,,,,,,,,
wool rug cleaning near me,USD,5000,0%,0%,High,78,2.2,11.25,,,,,,,,,,,,,,,,,
oriental carpet cleaning near me,USD,5000,0%,0%,High,68,2.27,11.59,,,,,,,,,,,,,,,,,
professional rug cleaning near me,USD,5000,0%,-90%,High,67,2.28,13,,,,,,,,,,,,,,,,,
hoover smartwash pet,USD,5000,0%,-90%,High,100,0.39,0.89,,,,,,,,,,,,,,,,,
heated carpet extractor,USD,5000,900%,0%,High,100,0.43,4,,,,,,,,,,,,,,,,,
best carpet cleaner for pet stains,USD,5000,0%,0%,High,100,0.6,4.26,,,,,,,,,,,,,,,,,
carpet cleaners in my area,USD,5000,900%,0%,High,74,2.02,15.23,,,,,,,,,,,,,,,,,
area rug cleaning pick up and delivery,USD,500,900%,0%,Medium,65,2.43,11.04,,,,,,,,,,,,,,,,,
stanley steemer carpet cleaning prices,USD,5000,0%,0%,Medium,43,1.07,5.55,,,,,,,,,,,,,,,,,
we clean carpet,USD,500,0%,-90%,High,73,4.52,8.08,,,,,,,,,,,,,,,,,
groupon carpet cleaning,USD,500,0%,0%,High,70,0.72,7.06,,,,,,,,,,,,,,,,,
oxiclean carpet cleaner,USD,5000,-90%,0%,High,96,0.87,4.81,,,,,,,,,,,,,,,,,
stanley carpet cleaner near me,USD,500,900%,0%,High,78,1.58,9.01,,,,,,,,,,,,,,,,,
carpet cleaner nearby,USD,5000,0%,0%,High,100,2.55,14.01,,,,,,,,,,,,,,,,,
carpet specials,USD,500,0%,0%,Medium,51,2.23,23.69,,,,,,,,,,,,,,,,,
wool rug cleaning,USD,5000,0%,0%,High,85,0.75,9.93,,,,,,,,,,,,,,,,,
carpet cleaning deals,USD,5000,0%,-90%,High,86,2.11,9.42,,,,,,,,,,,,,,,,,
carpet cleaning business,USD,5000,900%,0%,Medium,46,2.11,11.74,,,,,,,,,,,,,,,,,
steam cleaners near me,USD,5000,0%,0%,High,81,2.34,12.51,,,,,,,,,,,,,,,,,
carpet and upholstery cleaner near me,USD,500,0%,0%,High,75,2.99,15.9,,,,,,,,,,,,,,,,,
emergency carpet cleaning,USD,500,0%,0%,Medium,65,5.03,26.33,,,,,,,,,,,,,,,,,
bissell 3624,USD,500,0%,0%,High,100,0.42,2.48,,,,,,,,,,,,,,,,,
carpet washing,USD,5000,900%,0%,High,70,2.49,10.25,,,,,,,,,,,,,,,,,
best carpet and upholstery cleaner,USD,5000,0%,-90%,High,100,0.56,2.62,,,,,,,,,,,,,,,,,
home depot carpet cleaner,USD,5000,0%,-90%,High,100,0.37,4.26,,,,,,,,,,,,,,,,,
home carpet cleaners,USD,5000,0%,0%,High,98,0.67,6.94,,,,,,,,,,,,,,,,,
drying wet carpet,USD,500,0%,0%,High,79,7.47,35.42,,,,,,,,,,,,,,,,,
lounge cleaning,USD,50,0%,0%,Low,3,,,,,,,,,,,,,,,,,,,
upright bissell carpet cleaner,USD,5000,0%,0%,High,100,0.48,6,,,,,,,,,,,,,,,,,
carpet dry cleaning near me,USD,5000,0%,-90%,High,73,2.22,10.19,,,,,,,,,,,,,,,,,
bissell couch cleaner,USD,5000,-90%,-90%,High,100,0.39,2.87,,,,,,,,,,,,,,,,,
apartment carpet cleaning,USD,500,0%,-90%,High,92,2.72,10.29,,,,,,,,,,,,,,,,,
professional steam cleaner,USD,5000,0%,0%,High,100,0.54,3.7,,,,,,,,,,,,,,,,,
rug dry cleaning near me,USD,5000,0%,-90%,High,73,2.22,10.19,,,,,,,,,,,,,,,,,
carpet cleaning near me prices,USD,5000,900%,0%,High,76,1.99,9.33,,,,,,,,,,,,,,,,,
bissell spotbot pet,USD,5000,0%,0%,High,100,0.33,1.22,,,,,,,,,,,,,,,,,
carpet washing near me,USD,500000,0%,0%,Medium,64,2.77,14.71,,,,,,,,,,,,,,,,,
stanley steemer rug cleaning,USD,500,0%,0%,Medium,51,1.23,6.29,,,,,,,,,,,,,,,,,
best small carpet cleaner,USD,5000,0%,0%,High,100,0.39,1.33,,,,,,,,,,,,,,,,,
rug cleaning service near me,USD,500,-90%,-90%,Medium,66,2.44,13.06,,,,,,,,,,,,,,,,,
carpet shampooing,USD,50000,0%,0%,High,100,0.43,4.21,,,,,,,,,,,,,,,,,
carpet cleaner with attachments,USD,500,0%,-90%,High,100,0.39,1.14,,,,,,,,,,,,,,,,,
mytee carpet extractor,USD,500,0%,0%,High,100,0.63,5.18,,,,,,,,,,,,,,,,,
professional area rug cleaning,USD,5000,0%,0%,Medium,47,2.65,11.22,,,,,,,,,,,,,,,,,
area carpet cleaning near me,USD,50000,900%,0%,High,82,2.26,11,,,,,,,,,,,,,,,,,
rug cleaning cost,USD,500,0%,-90%,Medium,50,1.72,7.86,,,,,,,,,,,,,,,,,
carpet washing service,USD,50000,0%,0%,Low,19,3.04,14.87,,,,,,,,,,,,,,,,,
mini carpet cleaner,USD,5000,0%,0%,High,100,0.19,1.26,,,,,,,,,,,,,,,,,
all american carpet cleaning,USD,500,0%,0%,Low,16,2.87,13.51,,,,,,,,,,,,,,,,,
best home carpet steam cleaner,USD,5000,0%,0%,High,100,0.54,2.92,,,,,,,,,,,,,,,,,
steam cleaning services near me,USD,500,0%,0%,High,73,2.43,15.7,,,,,,,,,,,,,,,,,
sears carpet cleaning near me,USD,50,0%,-90%,Medium,65,2.28,12,,,,,,,,,,,,,,,,,
woodard carpet cleaning,USD,500,0%,0%,Medium,53,3.09,10.68,,,,,,,,,,,,,,,,,
best spot cleaner,USD,500,0%,0%,High,100,0.48,1.32,,,,,,,,,,,,,,,,,
wet carpet cleaner,USD,500,0%,0%,High,100,0.93,13.99,,,,,,,,,,,,,,,,,
eco carpet cleaning,USD,500,0%,0%,High,78,2.78,13.52,,,,,,,,,,,,,,,,,
spot clean pro,USD,500,0%,0%,High,100,0.37,1.69,,,,,,,,,,,,,,,,,
bissell green carpet cleaner,USD,5000,0%,0%,High,100,0.36,1.79,,,,,,,,,,,,,,,,,
elite carpet cleaning,USD,5000,0%,-90%,Medium,38,1.56,8.16,,,,,,,,,,,,,,,,,
best spot carpet cleaner,USD,5000,0%,0%,High,100,0.47,1.71,,,,,,,,,,,,,,,,,
commercial rug,USD,5000,0%,0%,High,100,2.26,30.7,,,,,,,,,,,,,,,,,
best professional carpet cleaner,USD,500,0%,-90%,High,99,1.15,8,,,,,,,,,,,,,,,,,
green clean carpet cleaning,USD,5000,0%,0%,High,95,1.7,10.01,,,,,,,,,,,,,,,,,
professional carpet steam cleaner,USD,5000,0%,0%,High,100,1.11,6.93,,,,,,,,,,,,,,,,,
zerorez carpet cleaning specials,USD,500,900%,0%,Medium,41,2.24,9.86,,,,,,,,,,,,,,,,,
bissell turboclean dualpro pet,USD,500,0%,0%,High,100,0.33,3.04,,,,,,,,,,,,,,,,,
stanley steemer coupons 3 rooms for $99,USD,50,0%,0%,Medium,34,1.04,7.28,,,,,,,,,,,,,,,,,
heavy duty carpet cleaner,USD,5000,0%,0%,High,100,0.6,5,,,,,,,,,,,,,,,,,
zerorez carpet cleaning near me,USD,500,0%,0%,Medium,66,2.22,10,,,,,,,,,,,,,,,,,
carpet service near me,USD,500,0%,0%,High,84,5.21,36.02,,,,,,,,,,,,,,,,,
spot bot pet,USD,50,900%,900%,High,100,0.37,1.17,,,,,,,,,,,,,,,,,
office carpet cleaning,USD,500,0%,0%,Low,31,8.4,55.14,,,,,,,,,,,,,,,,,
oriental carpet cleaning,USD,5000,0%,0%,Medium,37,2.62,11,,,,,,,,,,,,,,,,,
target carpet cleaner,USD,5000,0%,0%,High,100,0.38,4.18,,,,,,,,,,,,,,,,,
rug cleaning company,USD,500,0%,0%,Medium,44,2.96,14.01,,,,,,,,,,,,,,,,,
carpet and tile cleaning,USD,500,0%,-90%,High,80,3.28,13.38,,,,,,,,,,,,,,,,,
clean green carpet cleaning,USD,500,0%,0%,Low,33,2.43,8.72,,,,,,,,,,,,,,,,,
office carpet cleaning services,USD,500,900%,0%,Low,23,9.96,67.51,,,,,,,,,,,,,,,,,
carpet restretching near me,USD,5000,0%,-90%,Medium,64,1.68,8.37,,,,,,,,,,,,,,,,,
amazon carpet cleaner,USD,5000,900%,0%,High,100,0.53,2.33,,,,,,,,,,,,,,,,,
pet spot cleaner,USD,500,0%,0%,High,100,0.46,1.59,,,,,,,,,,,,,,,,,
bissell pet cleaner,USD,5000,0%,-90%,High,100,0.74,7,,,,,,,,,,,,,,,,,
professional carpet cleaning cost,USD,5000,0%,-90%,Medium,47,2.31,9.41,,,,,,,,,,,,,,,,,
affordable carpet cleaning near me,USD,500,0%,-90%,High,77,3.81,17.49,,,,,,,,,,,,,,,,,
shag rug cleaning,USD,500,0%,-90%,High,72,0.41,6.77,,,,,,,,,,,,,,,,,
lowes carpet cleaner,USD,5000,0%,0%,High,100,0.57,1.88,,,,,,,,,,,,,,,,,
rug dry cleaning,USD,500,0%,-90%,Medium,60,2.18,10.03,,,,,,,,,,,,,,,,,
carpet cleaner for stairs,USD,5000,0%,0%,High,100,0.46,5.96,,,,,,,,,,,,,,,,,
best hoover carpet cleaner,USD,500,0%,0%,High,100,0.38,1.19,,,,,,,,,,,,,,,,,
carpet cleaning coupons,USD,500,0%,0%,Medium,60,1.43,8.74,,,,,,,,,,,,,,,,,
pure clean carpet cleaning,USD,500,0%,0%,Medium,56,3.82,11.4,,,,,,,,,,,,,,,,,
a1 carpet cleaning,USD,5000,0%,0%,Low,25,2.3,10,,,,,,,,,,,,,,,,,
carpet and couch cleaner,USD,5000,0%,0%,High,99,1.58,12.26,,,,,,,,,,,,,,,,,
pet urine carpet cleaner,USD,5000,0%,0%,High,93,0.71,8.88,,,,,,,,,,,,,,,,,
hoover rug cleaner,USD,5000,0%,0%,High,100,0.31,1.06,,,,,,,,,,,,,,,,,
sears carpet cleaning specials,USD,50,0%,0%,High,69,2.76,10,,,,,,,,,,,,,,,,,
natural carpet,USD,500,0%,0%,High,100,0.72,4.02,,,,,,,,,,,,,,,,,
wool carpet cleaning,USD,5000,0%,0%,High,85,0.75,9.93,,,,,,,,,,,,,,,,,
carpet and furniture cleaning,USD,5000,0%,0%,High,93,1.48,12,,,,,,,,,,,,,,,,,
hoover portable carpet cleaner,USD,5000,0%,0%,High,100,0.31,0.93,,,,,,,,,,,,,,,,,
best commercial carpet cleaner,USD,500,0%,0%,High,100,0.64,3.93,,,,,,,,,,,,,,,,,
carpet cleaner with upholstery attachment,USD,500,0%,0%,High,100,0.45,1.33,,,,,,,,,,,,,,,,,
carpet shampooing near me,USD,500000,0%,0%,Medium,64,2.77,14.71,,,,,,,,,,,,,,,,,
superior carpet cleaning,USD,5000,0%,-90%,Medium,50,2.23,11.79,,,,,,,,,,,,,,,,,
professional wool rug cleaning,USD,500,0%,0%,Medium,40,2.27,9.52,,,,,,,,,,,,,,,,,
best carpet cleaning service near me,USD,500,0%,-90%,High,82,3.1,15.24,,,,,,,,,,,,,,,,,
zerorez raleigh,USD,500,0%,0%,Medium,39,0.66,3.84,,,,,,,,,,,,,,,,,
premier carpet cleaning,USD,5000,900%,0%,Low,24,2.4,10.75,,,,,,,,,,,,,,,,,
sofa cleaning at home,USD,500,0%,0%,High,95,0.67,6.48,,,,,,,,,,,,,,,,,
area rug cleaning service,USD,5000,0%,0%,Low,13,2.41,12.42,,,,,,,,,,,,,,,,,
carpet and sofa cleaner,USD,5000,0%,0%,High,99,1.58,12.26,,,,,,,,,,,,,,,,,
rug steam cleaner,USD,50000,0%,0%,High,100,0.54,6.83,,,,,,,,,,,,,,,,,
commercial carpet extractor,USD,5000,0%,0%,High,100,1.05,5.96,,,,,,,,,,,,,,,,,
area rug cleaning cost,USD,500,0%,0%,Medium,51,1.84,8,,,,,,,,,,,,,,,,,
best carpet cleaning company near me,USD,5000,0%,0%,High,79,2.76,12.91,,,,,,,,,,,,,,,,,
alpine specialty cleaning,USD,500,0%,-90%,Medium,37,1.29,16.56,,,,,,,,,,,,,,,,,
carpet upholstery cleaner,USD,5000,0%,0%,High,80,0.82,10.33,,,,,,,,,,,,,,,,,
steamatic carpet cleaning,USD,500,0%,0%,Medium,56,2.83,11.79,,,,,,,,,,,,,,,,,
best carpet cleaner for stairs,USD,500,0%,0%,High,100,0.52,2.03,,,,,,,,,,,,,,,,,
rug restoration near me,USD,500,0%,0%,Medium,46,1.74,8.68,,,,,,,,,,,,,,,,,
top carpet cleaners,USD,500,0%,0%,High,100,0.53,2.48,,,,,,,,,,,,,,,,,
non toxic area rugs,USD,500,0%,0%,High,100,0.93,3.27,,,,,,,,,,,,,,,,,
coit rug cleaning,USD,5000,0%,0%,High,84,3,16.41,,,,,,,,,,,,,,,,,
stanley steemer carpet cleaning specials,USD,5000,0%,0%,Low,28,1.11,6.47,,,,,,,,,,,,,,,,,
zero residue carpet cleaning,USD,500,0%,0%,High,69,4.52,17.48,,,,,,,,,,,,,,,,,
woolite carpet cleaner,USD,5000,0%,0%,High,100,0.22,1.33,,,,,,,,,,,,,,,,,
area rug near me,USD,50000,0%,0%,High,100,0.63,3.04,,,,,,,,,,,,,,,,,
carpet service,USD,500,0%,0%,Medium,39,7.1,35.39,,,,,,,,,,,,,,,,,
bissell extractor,USD,500,0%,-90%,High,100,0.44,7,,,,,,,,,,,,,,,,,
best way to clean carpet,USD,5000,0%,0%,High,95,0.62,4.28,,,,,,,,,,,,,,,,,
deep carpet cleaning near me,USD,500,0%,-90%,High,73,3.07,15.19,,,,,,,,,,,,,,,,,
ryobi carpet cleaner,USD,5000,0%,0%,High,100,0.4,0.75,,,,,,,,,,,,,,,,,
commercial carpet cleaning near me,USD,5000,0%,0%,Low,23,6.26,45.62,,,,,,,,,,,,,,,,,
area rug carpet cleaning,USD,500,0%,0%,High,68,1.66,10,,,,,,,,,,,,,,,,,
quick dry carpet cleaning,USD,500,0%,0%,Medium,60,2.07,10,,,,,,,,,,,,,,,,,
extreme carpet cleaning,USD,5000,0%,-90%,Medium,53,3.03,12.06,,,,,,,,,,,,,,,,,
natural carpet cleaner,USD,5000,0%,0%,High,93,0.56,4.65,,,,,,,,,,,,,,,,,
quality carpet cleaning,USD,500,0%,-90%,High,67,2.95,17.01,,,,,,,,,,,,,,,,,
deluxe carpet cleaning,USD,500,0%,0%,Low,28,2.75,11.09,,,,,,,,,,,,,,,,,
oriental carpet,USD,50000,0%,0%,High,100,0.76,3.9,,,,,,,,,,,,,,,,,
local carpet cleaners near me,USD,500,0%,-90%,High,84,2.86,15.01,,,,,,,,,,,,,,,,,
bissell turboclean powerbrush pet carpet cleaner,USD,5000,0%,0%,High,100,0.39,1.79,,,,,,,,,,,,,,,,,
bissell commercial carpet cleaner,USD,500,0%,0%,High,100,0.51,2.48,,,,,,,,,,,,,,,,,
sofa cleaning company,USD,500,0%,0%,Medium,65,2.97,12.35,,,,,,,,,,,,,,,,,
pro carpet cleaning,USD,50000,0%,0%,High,87,2.7,13.38,,,,,,,,,,,,,,,,,
good carpet cleaner,USD,5000,0%,0%,High,100,0.54,4.3,,,,,,,,,,,,,,,,,
rug doctor pro,USD,5000,0%,0%,High,100,0.34,1.39,,,,,,,,,,,,,,,,,
best hand held carpet cleaner,USD,500,0%,0%,High,100,0.57,1.56,,,,,,,,,,,,,,,,,
chem dry coupons,USD,500,0%,0%,Low,21,2.39,12,,,,,,,,,,,,,,,,,
carpet restretching,USD,500,-90%,-90%,Medium,38,2,9.8,,,,,,,,,,,,,,,,,
carpet deep cleaning cost,USD,500,0%,0%,Medium,62,2.43,8.08,,,,,,,,,,,,,,,,,
house carpet cleaning,USD,500,0%,0%,High,96,1.2,10.3,,,,,,,,,,,,,,,,,
carpet and tile cleaning near me,USD,500,0%,0%,High,78,4.12,17.87,,,,,,,,,,,,,,,,,
pet urine removal services near me,USD,500,0%,0%,Medium,38,3.3,11.02,,,,,,,,,,,,,,,,,
upright carpet cleaner,USD,50000,0%,900%,Medium,56,0.5,2.26,,,,,,,,,,,,,,,,,
best pet urine remover,USD,500,0%,0%,High,100,0.37,1.44,,,,,,,,,,,,,,,,,
best upright carpet cleaner,USD,500,0%,0%,High,100,0.55,1.77,,,,,,,,,,,,,,,,,
capture carpet cleaner,USD,5000,0%,0%,High,100,0.21,0.8,,,,,,,,,,,,,,,,,
bissell carpet and upholstery cleaner,USD,500,0%,0%,High,100,0.73,7,,,,,,,,,,,,,,,,,
pet carpet,USD,500,-90%,-90%,High,100,0.8,6.84,,,,,,,,,,,,,,,,,
rug doctor deep carpet cleaner,USD,500,0%,0%,High,100,0.21,1.65,,,,,,,,,,,,,,,,,
spotbot cleaner,USD,5000,0%,0%,High,100,0.36,1.22,,,,,,,,,,,,,,,,,
best oriental rug cleaning near me,USD,500,-90%,-90%,High,69,1.88,12,,,,,,,,,,,,,,,,,
carpet cleaning services prices,USD,5000,0%,0%,Medium,62,1.83,8,,,,,,,,,,,,,,,,,
folex stain remover,USD,5000,0%,0%,High,86,0.12,0.17,,,,,,,,,,,,,,,,,
pet stain carpet cleaner,USD,5000,0%,0%,High,92,0.74,8,,,,,,,,,,,,,,,,,
best carpet cleaner for pet urine,USD,5000,0%,0%,High,100,0.54,2.47,,,,,,,,,,,,,,,,,
rainbow carpet cleaning,USD,5000,0%,0%,High,97,0.4,5.49,,,,,,,,,,,,,,,,,
stanley steemer area rug cleaning,USD,500,0%,0%,Medium,51,1.23,6.29,,,,,,,,,,,,,,,,,
american carpet cleaning,USD,500,0%,0%,Low,33,2.51,12,,,,,,,,,,,,,,,,,
the rug doctor,USD,500,0%,0%,High,100,0.44,4.3,,,,,,,,,,,,,,,,,
bissell 3624 spot clean professional portable carpet cleaner,USD,50,0%,-90%,High,93,0.51,2.48,,,,,,,,,,,,,,,,,
deep clean carpet cleaner,USD,500,0%,0%,High,97,1.94,8.86,,,,,,,,,,,,,,,,,
best rated carpet cleaner,USD,5000,0%,0%,High,100,0.5,2.31,,,,,,,,,,,,,,,,,
best carpet cleaning service,USD,500,0%,-90%,Medium,38,2.69,13.57,,,,,,,,,,,,,,,,,
zep carpet cleaner,USD,5000,0%,0%,High,100,0.17,0.49,,,,,,,,,,,,,,,,,
carpet mold removal,USD,5000,0%,0%,High,88,0.36,10.01,,,,,,,,,,,,,,,,,
best stain remover for carpet,USD,5000,0%,0%,High,98,0.17,2.5,,,,,,,,,,,,,,,,,
bissell pro spotclean advanced,USD,50,0%,-100%,Unknown,,,,,,,,,,,,,,,,,,,,
rotovac 360i,USD,500,0%,0%,High,100,0.41,6,,,,,,,,,,,,,,,,,
crb carpet cleaner,USD,500,0%,0%,High,100,0.67,4.36,,,,,,,,,,,,,,,,,
spotbot carpet cleaner,USD,500,0%,0%,High,100,0.39,1.36,,,,,,,,,,,,,,,,,
carpet shampooing services,USD,50000,0%,0%,Low,19,3.04,14.87,,,,,,,,,,,,,,,,,
home carpet steam cleaner,USD,500,0%,0%,High,100,0.49,4.89,,,,,,,,,,,,,,,,,
rug doctor spot cleaner,USD,500,0%,0%,High,100,0.35,1.17,,,,,,,,,,,,,,,,,
apex carpet cleaning,USD,500,0%,0%,Medium,44,2.7,12.82,,,,,,,,,,,,,,,,,
bissell spotbot pet portable deep cleaner,USD,50,0%,0%,Low,32,,,,,,,,,,,,,,,,,,,
carpet care,USD,500,0%,-90%,Medium,39,3.07,16.74,,,,,,,,,,,,,,,,,
hoover power scrub deluxe carpet cleaner,USD,5000,-90%,0%,High,94,0.38,1.11,,,,,,,,,,,,,,,,,
residential carpet cleaning,USD,500,0%,-90%,High,68,2.44,13.84,,,,,,,,,,,,,,,,,
bissell pet spot cleaner,USD,5000,0%,0%,High,100,0.36,1.22,,,,,,,,,,,,,,,,,
hoover spotless carpet and upholstery cleaner,USD,5000,0%,0%,High,100,0.31,0.93,,,,,,,,,,,,,,,,,
carpet stain cleaner,USD,5000,0%,0%,High,91,0.58,5.9,,,,,,,,,,,,,,,,,
carpet and upholstery cleaning near me,USD,5000,900%,0%,High,85,3.03,15.21,,,,,,,,,,,,,,,,,
ace carpet cleaning,USD,500,0%,0%,Medium,66,1.17,7.96,,,,,,,,,,,,,,,,,
excel carpet cleaning,USD,500,0%,0%,Low,32,2.71,12.12,,,,,,,,,,,,,,,,,
zerorez prices,USD,500,0%,0%,Low,32,2.57,6.8,,,,,,,,,,,,,,,,,
deep cleaner,USD,50000,0%,0%,Medium,42,2.88,11.08,,,,,,,,,,,,,,,,,
bissell steam carpet cleaner,USD,5000,0%,0%,High,100,0.48,6,,,,,,,,,,,,,,,,,
bissell spotclean pro 3624,USD,500,0%,0%,High,100,0.42,2.48,,,,,,,,,,,,,,,,,
carpet hoover,USD,50,0%,0%,High,100,0.12,1.55,,,,,,,,,,,,,,,,,
compact carpet cleaner,USD,5000,0%,900%,High,94,0.41,1.29,,,,,,,,,,,,,,,,,
bissell small carpet cleaner,USD,5000,900%,0%,High,100,0.31,1.21,,,,,,,,,,,,,,,,,
hand carpet cleaner,USD,500,0%,0%,High,100,0.34,1.51,,,,,,,,,,,,,,,,,
organic carpet cleaning,USD,500,0%,0%,High,82,1.32,10.18,,,,,,,,,,,,,,,,,
home carpet cleaning services,USD,500,0%,0%,Medium,52,2.76,14.75,,,,,,,,,,,,,,,,,
bissell spotclean pet pro portable carpet cleaner,USD,5000,0%,0%,High,100,0.58,2.65,,,,,,,,,,,,,,,,,
bissell bg10,USD,500,0%,0%,High,100,0.53,5.25,,,,,,,,,,,,,,,,,
non toxic carpet cleaner,USD,5000,0%,0%,High,83,0.6,7.6,,,,,,,,,,,,,,,,,
rugs that can be washed,USD,500,0%,0%,High,94,0.37,3.39,,,,,,,,,,,,,,,,,
spotclean proheat,USD,500,0%,0%,High,99,0.27,1.33,,,,,,,,,,,,,,,,,
zerorez des moines,USD,500,0%,0%,Medium,48,2.53,8.42,,,,,,,,,,,,,,,,,
pet urine cleaner,USD,5000,0%,0%,High,75,0.57,2.61,,,,,,,,,,,,,,,,,
commercial carpet steam cleaner,USD,5000,0%,-90%,High,100,0.48,4,,,,,,,,,,,,,,,,,
eco green carpet cleaning,USD,500,0%,0%,Low,17,3.09,12.92,,,,,,,,,,,,,,,,,
portable carpet extractor,USD,5000,0%,900%,High,90,0.54,4.26,,,,,,,,,,,,,,,,,
bristle carpet cleaner,USD,500,0%,0%,High,99,1.42,7,,,,,,,,,,,,,,,,,
rug cleaning prices,USD,5000,0%,0%,Medium,62,1.83,8,,,,,,,,,,,,,,,,,
rug and upholstery cleaner,USD,5000,0%,0%,High,80,0.82,10.33,,,,,,,,,,,,,,,,,
bissell spot and stain,USD,500,0%,0%,High,100,0.17,1.08,,,,,,,,,,,,,,,,,
best carpet cleaner 2022,USD,50,∞,0%,Low,0,,,,,,,,,,,,,,,,,,,
sunshine carpet cleaning,USD,5000,0%,0%,Low,24,3,9.9,,,,,,,,,,,,,,,,,
large oriental rug,USD,500,0%,0%,High,100,0.56,3.02,,,,,,,,,,,,,,,,,
chem dry prices,USD,500,0%,-90%,Low,29,1.68,8.29,,,,,,,,,,,,,,,,,
mobile carpet cleaning,USD,500,0%,0%,High,90,2.39,13,,,,,,,,,,,,,,,,,
scotchgard carpet protector,USD,5000,0%,0%,High,78,0.26,0.68,,,,,,,,,,,,,,,,,
hoover paws and claws,USD,500,0%,0%,High,100,0.35,0.81,,,,,,,,,,,,,,,,,
bissell spot and stain cleaner,USD,500,0%,0%,High,100,0.32,1.06,,,,,,,,,,,,,,,,,
spotless carpet cleaning,USD,500,0%,0%,Medium,50,2.38,10,,,,,,,,,,,,,,,,,
carpet and floor cleaner,USD,5000,900%,0%,High,96,0.8,8.71,,,,,,,,,,,,,,,,,
bissell turboclean dualpro pet carpet cleaner,USD,500,0%,0%,High,100,0.27,1.94,,,,,,,,,,,,,,,,,
on the spot carpet cleaning,USD,500,0%,0%,Medium,41,3.45,11.23,,,,,,,,,,,,,,,,,
hoover paws and claws deep clean and neutralize,USD,500,0%,0%,High,100,0.33,0.96,,,,,,,,,,,,,,,,,
carpet rug cleaner,USD,500,0%,-90%,High,96,0.91,10,,,,,,,,,,,,,,,,,
portable spot cleaner,USD,50000,0%,9900%,Low,14,0.37,1.49,,,,,,,,,,,,,,,,,
bissell stomp and go,USD,500,0%,0%,High,100,0.36,1.57,,,,,,,,,,,,,,,,,
bissell professional carpet cleaner,USD,500,0%,0%,High,99,0.71,7,,,,,,,,,,,,,,,,,
bissell spot clean professional,USD,5000,0%,0%,High,100,0.33,1.3,,,,,,,,,,,,,,,,,
george carpet cleaner,USD,500,900%,0%,High,92,1.67,9.45,,,,,,,,,,,,,,,,,
best spot carpet cleaner for pet stains,USD,500,0%,0%,High,100,0.61,3.16,,,,,,,,,,,,,,,,,
pet odor carpet cleaner,USD,500,0%,0%,High,92,0.71,8.94,,,,,,,,,,,,,,,,,
sears carpet cleaning service,USD,50,0%,0%,High,81,4.97,13.82,,,,,,,,,,,,,,,,,
bissell turboclean,USD,5000,0%,0%,High,100,0.31,1.52,,,,,,,,,,,,,,,,,
vip carpet cleaning,USD,50,0%,0%,Low,20,3.49,12.23,,,,,,,,,,,,,,,,,
best carpet extractor,USD,500,0%,0%,High,100,0.64,2.72,,,,,,,,,,,,,,,,,
bissell spotclean pro pet,USD,50,0%,0%,High,100,0.37,0.87,,,,,,,,,,,,,,,,,
hoover spotless portable carpet & upholstery spot cleaner,USD,500,0%,-90%,High,77,0.28,0.74,,,,,,,,,,,,,,,,,
best way to dry carpet,USD,500,0%,0%,Medium,35,0.86,14.39,,,,,,,,,,,,,,,,,
non toxic carpet,USD,500,0%,0%,High,100,0.82,4.33,,,,,,,,,,,,,,,,,
wow carpet cleaning,USD,50,0%,-90%,Medium,42,3.23,12.51,,,,,,,,,,,,,,,,,
advanced carpet cleaning,USD,5000,0%,-90%,Medium,55,2.98,12.53,,,,,,,,,,,,,,,,,
cheap oriental rugs,USD,500,0%,0%,High,100,0.53,3.21,,,,,,,,,,,,,,,,,
chinese rug,USD,500,0%,0%,High,100,0.46,2.46,,,,,,,,,,,,,,,,,
bissell pro carpet cleaner,USD,500,0%,0%,High,99,0.71,7,,,,,,,,,,,,,,,,,
powr flite carpet extractor,USD,500,0%,0%,High,100,0.93,5.47,,,,,,,,,,,,,,,,,
oriental carpets near me,USD,5000,0%,0%,High,100,1.09,4.58,,,,,,,,,,,,,,,,,
bissell lift off deep cleaner,USD,500,0%,0%,High,100,0.38,1.83,,,,,,,,,,,,,,,,,
carpet mould remover,USD,5000,0%,0%,High,88,0.36,10.01,,,,,,,,,,,,,,,,,
professional carpet cleaning services,USD,5000,0%,0%,Low,9,2.95,15.51,,,,,,,,,,,,,,,,,
professional carpet stain removal,USD,50,0%,0%,Low,24,1.87,19.65,,,,,,,,,,,,,,,,,
bissell powerclean,USD,5000,0%,900%,High,100,0.29,2.13,,,,,,,,,,,,,,,,,
carpet cleaning prices per room,USD,500,0%,0%,Medium,50,1.7,9.81,,,,,,,,,,,,,,,,,
mold carpet cleaner,USD,5000,0%,0%,High,94,0.38,9.91,,,,,,,,,,,,,,,,,
wet and dry carpet cleaner,USD,500,0%,0%,High,95,0.52,2.62,,,,,,,,,,,,,,,,,
bissell pro clean,USD,50,0%,0%,High,100,0.38,3.59,,,,,,,,,,,,,,,,,
small rug cleaner,USD,500,0%,0%,High,100,0.33,1.55,,,,,,,,,,,,,,,,,
best carpet cleaners 2022,USD,50,∞,0%,Low,0,,,,,,,,,,,,,,,,,,,
odoban carpet cleaner,USD,5000,0%,0%,High,100,0.24,0.69,,,,,,,,,,,,,,,,,
best urine remover for carpet,USD,500,0%,0%,High,100,0.44,1.76,,,,,,,,,,,,,,,,,
dirt reynolds carpet cleaner,USD,500,900%,0%,Medium,43,1.22,7.84,,,,,,,,,,,,,,,,,
steam green carpet cleaning,USD,50,0%,-90%,Medium,40,4.28,26.88,,,,,,,,,,,,,,,,,
bissell mini carpet cleaner,USD,5000,0%,0%,High,100,0.33,1.41,,,,,,,,,,,,,,,,,
professional rug cleaning cost,USD,500,0%,0%,Low,24,2.08,10.75,,,,,,,,,,,,,,,,,
professional carpet cleaning prices,USD,5000,0%,-90%,Medium,47,2.31,9.41,,,,,,,,,,,,,,,,,
dry steam cleaner,USD,500,900%,900%,High,100,0.38,1.31,,,,,,,,,,,,,,,,,
bissell carpet,USD,500,0%,0%,High,100,0.56,6.27,,,,,,,,,,,,,,,,,
target bissell carpet cleaner,USD,500,0%,0%,High,100,0.18,3.33,,,,,,,,,,,,,,,,,
bissell proheat pet carpet cleaner,USD,500,0%,0%,High,100,0.37,1.72,,,,,,,,,,,,,,,,,
removing coffee stains from carpet,USD,5000,0%,0%,High,76,0.03,4.08,,,,,,,,,,,,,,,,,
5 star carpet cleaning,USD,500,0%,0%,High,68,2.71,10,,,,,,,,,,,,,,,,,
best area rug cleaner,USD,500,0%,0%,High,96,0.6,5.29,,,,,,,,,,,,,,,,,
spot steam cleaner,USD,500,0%,0%,High,100,0.48,1.43,,,,,,,,,,,,,,,,,
spot bot cleaner,USD,50,900%,900%,High,100,0.38,1.43,,,,,,,,,,,,,,,,,
steam cleaner bissell,USD,500,0%,0%,High,100,0.38,2.06,,,,,,,,,,,,,,,,,
dave's carpet cleaning,USD,500,0%,0%,Low,27,2.98,10.34,,,,,,,,,,,,,,,,,
mr steam carpet cleaning,USD,500,0%,0%,Medium,58,1.98,8,,,,,,,,,,,,,,,,,
best bissell spot cleaner,USD,50,0%,-90%,High,100,0.53,3.56,,,,,,,,,,,,,,,,,
classic carpet cleaning,USD,500,0%,0%,Low,30,2.97,11.57,,,,,,,,,,,,,,,,,
dry clean carpet cleaner,USD,500,0%,0%,High,98,1.27,10.37,,,,,,,,,,,,,,,,,
bissell jetscrub carpet cleaner,USD,50,0%,0%,High,100,,,,,,,,,,,,,,,,,,,
shag carpet cleaner,USD,500,0%,0%,High,100,1.08,7.47,,,,,,,,,,,,,,,,,
bissell heated carpet cleaner,USD,500,0%,0%,High,100,0.34,3.19,,,,,,,,,,,,,,,,,
hoover carpet and upholstery cleaner,USD,500,0%,0%,High,100,0.38,1.2,,,,,,,,,,,,,,,,,
bissell spot clean proheat pet,USD,500,0%,0%,High,100,0.25,1.11,,,,,,,,,,,,,,,,,
best way to clean area rugs,USD,500,0%,0%,High,100,0.56,3.73,,,,,,,,,,,,,,,,,
oreck carpet cleaner,USD,500,0%,0%,High,100,0.42,2.35,,,,,,,,,,,,,,,,,
carpet and rug cleaner,USD,500,0%,-90%,High,96,0.91,10,,,,,,,,,,,,,,,,,
pro carpet,USD,500,0%,0%,Low,28,3.54,20.34,,,,,,,,,,,,,,,,,
eco friendly carpet cleaning,USD,5000,900%,0%,Medium,34,1.64,9.41,,,,,,,,,,,,,,,,,
bissell spot carpet cleaner,USD,500,0%,0%,High,100,0.5,7,,,,,,,,,,,,,,,,,
bissell green,USD,500,0%,0%,High,100,0.38,2.26,,,,,,,,,,,,,,,,,
bissell pet pro cleaner,USD,500,0%,0%,High,100,0.37,1.89,,,,,,,,,,,,,,,,,
yelp carpet cleaning,USD,5000,0%,0%,High,78,3.42,13.7,,,,,,,,,,,,,,,,,
genesis carpet cleaning,USD,500,0%,0%,Medium,39,2.58,9.25,,,,,,,,,,,,,,,,,
8x10 rug near me,USD,5000,0%,0%,High,100,0.34,1.24,,,,,,,,,,,,,,,,,
aqua pro vac extractor,USD,500,0%,0%,High,100,0.33,2.13,,,,,,,,,,,,,,,,,
rug doctor upholstery cleaner,USD,500,0%,0%,High,100,0.38,2.33,,,,,,,,,,,,,,,,,
top 10 carpet cleaners,USD,500,0%,0%,High,98,0.46,1.35,,,,,,,,,,,,,,,,,
truckmount carpet cleaner,USD,5000,0%,0%,High,94,0.82,6.4,,,,,,,,,,,,,,,,,
kohls carpet cleaner,USD,500,0%,0%,High,100,0.67,2,,,,,,,,,,,,,,,,,
bissell deep clean,USD,500,0%,0%,High,100,0.42,7,,,,,,,,,,,,,,,,,
kirby carpet cleaner,USD,5000,0%,0%,High,100,0.31,1.27,,,,,,,,,,,,,,,,,
hoover cleanslate pro,USD,500,0%,0%,High,100,0.26,0.75,,,,,,,,,,,,,,,,,
best portable spot cleaner,USD,500,0%,0%,High,100,0.46,1.14,,,,,,,,,,,,,,,,,
clean my carpet,USD,500,0%,0%,High,73,3.02,10,,,,,,,,,,,,,,,,,
bissell sweepers,USD,500,0%,0%,High,100,0.31,2.23,,,,,,,,,,,,,,,,,
bissell portable spot cleaner,USD,500,0%,0%,High,100,0.29,1.41,,,,,,,,,,,,,,,,,
sofa cleaning price,USD,500,0%,0%,Medium,58,2.03,8.55,,,,,,,,,,,,,,,,,
best compact carpet cleaner,USD,500,0%,0%,High,100,0.46,1.22,,,,,,,,,,,,,,,,,
bissell spotclean carpet cleaner,USD,50,0%,0%,High,88,,,,,,,,,,,,,,,,,,,
enzymatic carpet cleaner,USD,5000,0%,0%,High,93,0.37,1.61,,,,,,,,,,,,,,,,,
bissell pet stain and odor,USD,500,0%,0%,High,99,0.19,1,,,,,,,,,,,,,,,,,
pet pro carpet cleaner,USD,50000,0%,0%,High,100,0.23,1.75,,,,,,,,,,,,,,,,,
hoover deep clean and neutralize,USD,50,0%,-90%,High,100,0.34,0.75,,,,,,,,,,,,,,,,,
turboclean powerbrush pet,USD,500,0%,0%,High,100,0.26,1.21,,,,,,,,,,,,,,,,,
bissell spotclean proheat portable spot and stain carpet cleaner,USD,50,0%,0%,High,99,0.39,1.06,,,,,,,,,,,,,,,,,
bissell 86t3,USD,500,0%,0%,High,100,0.6,7,,,,,,,,,,,,,,,,,
bissell turboclean powerbrush pet pro,USD,50,0%,-90%,High,100,0.27,1.51,,,,,,,,,,,,,,,,,
hoover cleanslate pet carpet & upholstery spot cleaner,USD,500,0%,0%,High,97,0.3,0.74,,,,,,,,,,,,,,,,,
eco friendly carpet,USD,500,0%,0%,Medium,62,0.85,4.77,,,,,,,,,,,,,,,,,
cleanslate pet spot cleaner,USD,50,0%,0%,High,94,,,,,,,,,,,,,,,,,,,
professional wool carpet cleaning,USD,500,0%,0%,Medium,40,2.27,9.52,,,,,,,,,,,,,,,,,
chem dry spot remover,USD,500,0%,0%,High,100,0.35,4.55,,,,,,,,,,,,,,,,,
hoover upright carpet cleaner,USD,500,0%,0%,High,100,0.37,0.93,,,,,,,,,,,,,,,,,
bissell spot & stain,USD,500,0%,0%,High,100,0.17,1.08,,,,,,,,,,,,,,,,,
carpet cleaner with stair attachment,USD,50,0%,0%,High,100,0.44,1.1,,,,,,,,,,,,,,,,,
portable carpet steam cleaner,USD,5000,0%,0%,High,100,0.41,1.85,,,,,,,,,,,,,,,,,
deep steam carpet cleaning,USD,500,0%,0%,High,86,2.42,12.22,,,,,,,,,,,,,,,,,
hoover spotless carpet cleaner,USD,500,0%,0%,High,100,0.23,0.72,,,,,,,,,,,,,,,,,
bissell spot pro,USD,500,0%,0%,High,100,0.31,1.53,,,,,,,,,,,,,,,,,
wet vac carpet cleaner,USD,5000,900%,0%,High,100,0.45,1.9,,,,,,,,,,,,,,,,,
bissell carpet extractor,USD,500,0%,0%,High,100,0.79,7,,,,,,,,,,,,,,,,,
my carpet,USD,50,0%,0%,Medium,56,3.87,20.54,,,,,,,,,,,,,,,,,
all star carpet cleaning,USD,500,0%,0%,Low,23,2,9.3,,,,,,,,,,,,,,,,,
portable deep cleaner,USD,5000,900%,9900%,Low,8,0.35,1.29,,,,,,,,,,,,,,,,,
washing rugs,USD,5000,900%,0%,High,78,2.09,9.95,,,,,,,,,,,,,,,,,
area rug on carpet,USD,5000,0%,0%,High,100,0.32,1.21,,,,,,,,,,,,,,,,,
bissell spotclean pet pro 2458,USD,50,900%,900%,Medium,47,0.55,2.09,,,,,,,,,,,,,,,,,
tennant carpet extractor,USD,500,0%,0%,High,100,1.2,11.1,,,,,,,,,,,,,,,,,
bissell hand carpet cleaner,USD,500,-90%,-90%,High,100,0.33,1.37,,,,,,,,,,,,,,,,,
mold in carpet,USD,5000,0%,0%,Low,22,1.74,17,,,,,,,,,,,,,,,,,
pet safe carpet cleaner,USD,500,900%,900%,High,80,0.23,4.01,,,,,,,,,,,,,,,,,
portable extractor,USD,500,0%,0%,High,100,0.44,3.92,,,,,,,,,,,,,,,,,
pro clean carpet cleaning,USD,500,0%,0%,Medium,65,2.76,11.62,,,,,,,,,,,,,,,,,
best way to clean a rug,USD,500,0%,0%,High,93,0.57,3.29,,,,,,,,,,,,,,,,,
pet steam cleaner,USD,500,0%,0%,High,100,0.52,3.13,,,,,,,,,,,,,,,,,
extractor carpet cleaner,USD,500,0%,0%,High,100,0.72,11.51,,,,,,,,,,,,,,,,,
carpet steam cleaning services,USD,500,0%,0%,Medium,42,2.84,13.65,,,,,,,,,,,,,,,,,
portable carpet and upholstery cleaner,USD,50000,-90%,900%,Medium,44,0.46,1.75,,,,,,,,,,,,,,,,,
bissell spot,USD,500,0%,0%,High,100,0.38,1.72,,,,,,,,,,,,,,,,,
steam sofa cleaner,USD,500,900%,900%,High,99,0.45,7.45,,,,,,,,,,,,,,,,,
pet stain eraser bissell,USD,500,0%,0%,High,100,0.31,0.98,,,,,,,,,,,,,,,,,
best dry carpet cleaner,USD,500,0%,0%,High,100,0.18,1.7,,,,,,,,,,,,,,,,,
best pet spot cleaner,USD,500,0%,0%,High,100,0.55,1.97,,,,,,,,,,,,,,,,,
heated carpet cleaner,USD,500,0%,-90%,High,100,0.41,2.3,,,,,,,,,,,,,,,,,
best budget carpet cleaner,USD,500,0%,0%,High,100,0.48,1.33,,,,,,,,,,,,,,,,,
oriental rug company,USD,500,-90%,-90%,High,100,1.11,6.75,,,,,,,,,,,,,,,,,
best carpet upholstery cleaner,USD,5000,0%,-90%,High,100,0.56,2.62,,,,,,,,,,,,,,,,,
expert carpet cleaning,USD,5000,900%,0%,Low,30,2.25,11.62,,,,,,,,,,,,,,,,,
best carpet spot remover,USD,5000,0%,0%,High,98,0.17,2.5,,,,,,,,,,,,,,,,,
dc carpet cleaning,USD,500,0%,-90%,High,70,5.6,13.01,,,,,,,,,,,,,,,,,
spot remover for carpet,USD,50000,0%,0%,High,94,0.31,4.65,,,,,,,,,,,,,,,,,
kings carpet cleaning,USD,500,0%,0%,Medium,34,2.24,10.4,,,,,,,,,,,,,,,,,
best affordable carpet cleaner,USD,500,0%,0%,High,100,0.58,2.17,,,,,,,,,,,,,,,,,
hoover steam vac carpet cleaner,USD,500,0%,0%,High,100,0.29,1.05,,,,,,,,,,,,,,,,,
professional carpet steamer,USD,500,0%,0%,Medium,65,0.59,5.07,,,,,,,,,,,,,,,,,
coffee stain out of carpet,USD,5000,0%,0%,Medium,52,0.03,2.86,,,,,,,,,,,,,,,,,
oxymagic carpet cleaning,USD,500,0%,0%,Medium,41,1.86,9.24,,,,,,,,,,,,,,,,,
apple carpet cleaning,USD,500,0%,0%,Low,32,2.01,7.29,,,,,,,,,,,,,,,,,
deep clean rug,USD,50000,0%,0%,High,86,2.08,10,,,,,,,,,,,,,,,,,
best industrial carpet cleaner,USD,500,900%,0%,High,94,0.62,2.4,,,,,,,,,,,,,,,,,
steampro carpet cleaning,USD,500,0%,0%,Medium,42,1.85,9.62,,,,,,,,,,,,,,,,,
hoover carpet,USD,500,0%,0%,High,100,0.28,3.42,,,,,,,,,,,,,,,,,
encapsulation carpet cleaning,USD,500,0%,0%,High,100,0.58,6.82,,,,,,,,,,,,,,,,,
urine carpet cleaner,USD,5000,0%,0%,High,96,0.66,6.71,,,,,,,,,,,,,,,,,
business carpet cleaning,USD,5000,900%,0%,Medium,46,2.11,11.74,,,,,,,,,,,,,,,,,
bissell carpet cleaner attachments,USD,500,0%,0%,High,99,0.13,0.4,,,,,,,,,,,,,,,,,
best steam cleaner for carpet and upholstery,USD,500,0%,0%,High,100,0.6,2.92,,,,,,,,,,,,,,,,,
sofa cleaning cost,USD,500,0%,0%,Medium,58,2.03,8.55,,,,,,,,,,,,,,,,,
bissell turboclean powerbrush,USD,500,0%,0%,High,99,0.34,1.6,,,,,,,,,,,,,,,,,
bissell professional,USD,500,0%,0%,High,100,0.5,4.31,,,,,,,,,,,,,,,,,
bissell deep clean professional pet,USD,500,0%,0%,High,100,0.37,1.63,,,,,,,,,,,,,,,,,
spot clean carpet cleaner,USD,500,900%,0%,High,100,0.39,4.5,,,,,,,,,,,,,,,,,
pink's carpet cleaning,USD,500,0%,0%,High,88,3.37,10.88,,,,,,,,,,,,,,,,,
carpet scrubbers,USD,5000,0%,0%,High,100,0.38,2.93,,,,,,,,,,,,,,,,,
bissell crosswave carpet cleaner,USD,500,0%,0%,High,100,0.33,2.98,,,,,,,,,,,,,,,,,
bissell turboclean powerbrush pet 2806,USD,50,0%,0%,High,100,,,,,,,,,,,,,,,,,,,
organic carpet,USD,500,0%,0%,High,99,0.92,4.93,,,,,,,,,,,,,,,,,
best cheap carpet cleaner,USD,500,0%,0%,High,100,0.46,1.73,,,,,,,,,,,,,,,,,
best pet urine odor remover,USD,500,0%,0%,High,100,0.4,1.4,,,,,,,,,,,,,,,,,
bissell pro pet,USD,500,0%,-90%,High,100,0.41,2.68,,,,,,,,,,,,,,,,,
elite carpet care,USD,500,0%,0%,Low,19,1.85,7.88,,,,,,,,,,,,,,,,,
steam cleaner for couch and carpet,USD,500,0%,0%,High,100,0.51,4.07,,,,,,,,,,,,,,,,,
coffee stains in carpet,USD,5000,0%,0%,Medium,52,0.03,2.86,,,,,,,,,,,,,,,,,
magna dry,USD,500,0%,0%,Low,10,2.27,17.77,,,,,,,,,,,,,,,,,
carpet and upholstery steam cleaner,USD,500,0%,0%,High,100,0.65,4.72,,,,,,,,,,,,,,,,,
bissell spotclean pro 1558e,USD,50,0%,0%,Low,0,,,,,,,,,,,,,,,,,,,
mold under carpet,USD,500,0%,-90%,Low,15,2.62,13.74,,,,,,,,,,,,,,,,,
hoover cleanslate pet,USD,500,0%,0%,High,100,0.27,0.7,,,,,,,,,,,,,,,,,
champion carpet cleaning,USD,500,0%,0%,Low,13,2.82,8.58,,,,,,,,,,,,,,,,,
clarke carpet extractor,USD,500,0%,0%,High,100,0.87,6.87,,,,,,,,,,,,,,,,,
best way to get stains out of carpet,USD,500,0%,0%,High,79,0.16,3.92,,,,,,,,,,,,,,,,,
best portable carpet cleaner 2022,USD,50,0%,-100%,Unknown,,,,,,,,,,,,,,,,,,,,
best carpet cleaner for stains,USD,5000,0%,0%,High,98,0.17,2.5,,,,,,,,,,,,,,,,,
bissell pet pro spot cleaner,USD,50,0%,0%,High,100,0.38,1.66,,,,,,,,,,,,,,,,,
scotchgard rug & carpet protector,USD,5000,0%,0%,High,78,0.26,0.68,,,,,,,,,,,,,,,,,
vlm carpet cleaning,USD,500,0%,0%,High,92,1.31,6.45,,,,,,,,,,,,,,,,,
all pro carpet cleaning,USD,500,0%,0%,Medium,48,3.23,9.89,,,,,,,,,,,,,,,,,
bissell spotclean pro portable carpet cleaner,USD,5000,0%,0%,High,100,0.33,1.3,,,,,,,,,,,,,,,,,
quality carpet care,USD,500,0%,0%,Medium,41,3.91,12.46,,,,,,,,,,,,,,,,,
pet friendly carpet cleaner,USD,500,0%,0%,High,87,0.56,5.42,,,,,,,,,,,,,,,,,
carpet cleaning cost per room,USD,500,0%,0%,Medium,50,1.7,9.81,,,,,,,,,,,,,,,,,
doodlebug pad,USD,500,0%,0%,High,100,0.46,13.54,,,,,,,,,,,,,,,,,
rug doctor cleaner,USD,500,0%,0%,High,100,0.33,3.54,,,,,,,,,,,,,,,,,
floor carpet cleaner,USD,500,0%,0%,High,100,0.62,7.54,,,,,,,,,,,,,,,,,
carpet cleaner stain remover,USD,500,0%,0%,High,99,0.39,5.76,,,,,,,,,,,,,,,,,
home depot rug doctor,USD,500,0%,0%,Medium,62,0.35,0.45,,,,,,,,,,,,,,,,,
best carpet cleaner for area rugs,USD,500,0%,0%,High,100,0.47,3.46,,,,,,,,,,,,,,,,,
a 1 carpet cleaning,USD,5000,0%,0%,Low,25,2.3,10,,,,,,,,,,,,,,,,,
stains out of carpet,USD,500,0%,0%,Medium,66,0.38,4.65,,,,,,,,,,,,,,,,,
carpet odor remover,USD,5000,0%,0%,High,80,0.71,3.49,,,,,,,,,,,,,,,,,
karcher carpet extractor,USD,500,0%,0%,High,100,0.63,6,,,,,,,,,,,,,,,,,
carpet stains,USD,5000,0%,0%,Medium,47,0.57,4.65,,,,,,,,,,,,,,,,,
turboclean dualpro pet,USD,500,-90%,-90%,High,100,0.23,2.51,,,,,,,,,,,,,,,,,
carpet cleaner spot cleaner,USD,5000,0%,0%,High,100,0.41,3,,,,,,,,,,,,,,,,,
extraction cleaner,USD,500,0%,0%,High,100,0.38,3.33,,,,,,,,,,,,,,,,,
pet spot carpet cleaner,USD,500,0%,900%,High,100,0.45,1.22,,,,,,,,,,,,,,,,,
removing stains from carpet,USD,50000,0%,0%,High,94,0.31,4.65,,,,,,,,,,,,,,,,,
spotcleaner,USD,50,0%,0%,High,97,,,,,,,,,,,,,,,,,,,
clean vomit from carpet,USD,5000,0%,0%,High,75,0.33,5,,,,,,,,,,,,,,,,,
whittaker carpet cleaner,USD,500,0%,0%,High,100,0.53,6.69,,,,,,,,,,,,,,,,,
bissell pawsitively clean,USD,500,0%,0%,High,100,0.32,4.23,,,,,,,,,,,,,,,,,
bissell carpet cleaner proheat,USD,5000,0%,0%,High,100,0.2,1.58,,,,,,,,,,,,,,,,,
hand held carpet steam cleaner,USD,50,0%,0%,High,100,0.48,1.78,,,,,,,,,,,,,,,,,
aqua pro extractor,USD,50,0%,0%,High,100,0.49,2.49,,,,,,,,,,,,,,,,,
karcher professional carpet cleaner,USD,500,0%,0%,High,100,0.51,6,,,,,,,,,,,,,,,,,
scotchgard for carpet,USD,5000,0%,0%,High,100,0.21,0.66,,,,,,,,,,,,,,,,,
bissell compact carpet cleaner,USD,50,0%,-90%,High,99,0.43,6,,,,,,,,,,,,,,,,,
center clean carpet,USD,50,0%,-100%,Unknown,,,,,,,,,,,,,,,,,,,,
turboclean powerbrush pet upright carpet cleaner,USD,50,∞,0%,Low,25,,,,,,,,,,,,,,,,,,,
boat carpet cleaner,USD,500,0%,0%,High,96,0.19,0.54,,,,,,,,,,,,,,,,,
bissell powerforce carpet cleaner,USD,500,0%,0%,High,100,0.26,1.12,,,,,,,,,,,,,,,,,
sam's club carpet cleaner,USD,500,0%,0%,High,100,0.22,2.09,,,,,,,,,,,,,,,,,
bissell deepclean premier pet,USD,500,0%,0%,High,98,0.51,3.15,,,,,,,,,,,,,,,,,
bissell spotclean proheat 2694,USD,50,0%,0%,High,100,0.4,1.38,,,,,,,,,,,,,,,,,
capture rug cleaner,USD,500,0%,0%,High,100,0.2,0.87,,,,,,,,,,,,,,,,,
pet stains out of carpet,USD,50,0%,-90%,High,91,0.55,4.65,,,,,,,,,,,,,,,,,
turboclean powerbrush pet carpet cleaner,USD,50,0%,-90%,High,100,0.26,1.44,,,,,,,,,,,,,,,,,
tennant e5,USD,500,0%,0%,High,100,1.31,14.21,,,,,,,,,,,,,,,,,
spot extractor,USD,50,0%,0%,High,100,0.43,3.62,,,,,,,,,,,,,,,,,
cleanslate pet carpet & upholstery spot cleaner,USD,50,0%,0%,High,100,0.38,2.62,,,,,,,,,,,,,,,,,
best carpet odor eliminator,USD,500,0%,0%,High,100,0.23,1.3,,,,,,,,,,,,,,,,,
white carpet cleaner,USD,500,0%,0%,High,92,0.46,4.8,,,,,,,,,,,,,,,,,
one way carpet cleaning,USD,500,0%,0%,Medium,47,4.75,17.75,,,,,,,,,,,,,,,,,
carpet pre treatment,USD,500,0%,0%,High,100,0.41,4.65,,,,,,,,,,,,,,,,,
getting stains out of carpet,USD,500,0%,0%,Medium,66,0.4,4.65,,,,,,,,,,,,,,,,,
kc carpet cleaning,USD,500,0%,0%,Low,33,2.32,8.56,,,,,,,,,,,,,,,,,
rug doctor steam cleaner,USD,500,0%,0%,High,100,0.42,3.88,,,,,,,,,,,,,,,,,
don's carpet cleaning,USD,500,0%,0%,Low,15,2.2,7.71,,,,,,,,,,,,,,,,,
urine out of carpet,USD,500,0%,0%,High,100,0.69,3.75,,,,,,,,,,,,,,,,,
small carpet steam cleaner,USD,500,0%,0%,High,100,0.34,1.53,,,,,,,,,,,,,,,,,
bissell carpet cleaner amazon,USD,500,0%,0%,High,100,0.53,2.03,,,,,,,,,,,,,,,,,
mytee carpet cleaner,USD,500,0%,0%,High,100,0.63,5.18,,,,,,,,,,,,,,,,,
getting coffee stains out of carpet,USD,500,0%,0%,Medium,41,0.03,3,,,,,,,,,,,,,,,,,
green steam cleaner,USD,500,0%,0%,High,100,0.5,6,,,,,,,,,,,,,,,,,
bissell proheat 2,USD,500,0%,0%,High,100,0.24,1.27,,,,,,,,,,,,,,,,,
spotclean proheat pet,USD,500,0%,0%,High,100,0.31,1.35,,,,,,,,,,,,,,,,,
rug doctor flexclean,USD,500,0%,0%,High,100,0.42,1.39,,,,,,,,,,,,,,,,,
petsmart carpet cleaner,USD,500,0%,0%,High,100,0.45,4.66,,,,,,,,,,,,,,,,,
bissell pet stain,USD,500,0%,0%,High,100,0.33,1.86,,,,,,,,,,,,,,,,,
karcher carpet cleaner and detailer,USD,50,0%,0%,High,100,1.12,4.59,,,,,,,,,,,,,,,,,
folex carpet stain remover,USD,5000,0%,900%,High,71,0.12,0.12,,,,,,,,,,,,,,,,,
coffee out of carpet,USD,5000,0%,0%,Medium,52,0.03,2.86,,,,,,,,,,,,,,,,,
bissell spotclean professional carpet and upholstery cleaner,USD,50,0%,0%,High,100,,,,,,,,,,,,,,,,,,,
oxiclean large area carpet cleaner,USD,500,0%,0%,High,96,0.46,4.45,,,,,,,,,,,,,,,,,
bissell spot lifter,USD,500,0%,-90%,High,100,0.32,1.73,,,,,,,,,,,,,,,,,
bissell boost,USD,500,0%,900%,High,80,0.27,2.08,,,,,,,,,,,,,,,,,
hart carpet cleaner,USD,500,0%,0%,High,91,0.28,10.08,,,,,,,,,,,,,,,,,
karcher spot cleaner,USD,50,0%,0%,High,99,0.32,1.6,,,,,,,,,,,,,,,,,
kent carpet cleaner,USD,500,0%,0%,High,67,3.13,17.55,,,,,,,,,,,,,,,,,
best carpet cleaner for coffee stains,USD,50,0%,-90%,High,100,0.13,4.38,,,,,,,,,,,,,,,,,
folex spot remover,USD,5000,0%,0%,High,86,0.12,0.17,,,,,,,,,,,,,,,,,
ebay carpet cleaner,USD,500,0%,0%,High,100,0.18,1.51,,,,,,,,,,,,,,,,,
no vac carpet cleaner,USD,50,0%,0%,High,95,0.24,1.33,,,,,,,,,,,,,,,,,
spot on carpet cleaning,USD,500,0%,0%,High,70,2.93,13.19,,,,,,,,,,,,,,,,,
bissell turboclean pet,USD,500,0%,0%,High,100,0.33,1.53,,,,,,,,,,,,,,,,,
publix carpet cleaner,USD,500,0%,0%,High,97,0.5,2.18,,,,,,,,,,,,,,,,,
smartstrand,USD,500,0%,0%,Medium,57,0.6,5.07,,,,,,,,,,,,,,,,,
best way to clean carpet stains,USD,500,0%,0%,High,76,0.21,3.54,,,,,,,,,,,,,,,,,
foaming carpet cleaner,USD,5000,0%,0%,High,100,0.25,3.96,,,,,,,,,,,,,,,,,
hoover steam vac spin scrub,USD,500,0%,0%,High,94,0.28,0.72,,,,,,,,,,,,,,,,,
cleaning a rug at home,USD,500,0%,0%,High,94,0.49,4.65,,,,,,,,,,,,,,,,,
hoover cleanslate pet carpet cleaner,USD,50,0%,0%,Medium,52,,,,,,,,,,,,,,,,,,,
terry's carpet cleaning,USD,500,0%,0%,Low,18,2.31,9.36,,,,,,,,,,,,,,,,,
carpet stain protector,USD,500,0%,0%,High,98,0.2,0.71,,,,,,,,,,,,,,,,,
bissell spotclean portable deep cleaner,USD,50,0%,0%,Medium,34,,,,,,,,,,,,,,,,,,,
scotchgard stain protector,USD,500,0%,0%,High,100,0.2,0.67,,,,,,,,,,,,,,,,,
bissell spotclean pro amazon,USD,50,0%,0%,High,86,,,,,,,,,,,,,,,,,,,
smelly carpet,USD,500,0%,0%,High,93,0.48,3.75,,,,,,,,,,,,,,,,,
zep pet stain and odor remover,USD,500,0%,0%,High,100,0.25,1.06,,,,,,,,,,,,,,,,,
cvs carpet cleaner,USD,500,0%,0%,High,99,0.14,1.54,,,,,,,,,,,,,,,,,
cleaning urine out of carpet,USD,500,0%,0%,High,73,0.31,4.65,,,,,,,,,,,,,,,,,
rug doctor hard floor cleaner,USD,50,0%,0%,High,97,0.51,8,,,,,,,,,,,,,,,,,
household carpet cleaner,USD,500,0%,0%,High,96,1.2,10.3,,,,,,,,,,,,,,,,,
scotchgard rug and carpet protector,USD,5000,0%,0%,High,78,0.26,0.68,,,,,,,,,,,,,,,,,
bissell powerforce pet carpet cleaner,USD,500,0%,0%,High,100,0.32,1.32,,,,,,,,,,,,,,,,,
rug doctor pet cleaner,USD,50,0%,0%,High,100,0.44,2.86,,,,,,,,,,,,,,,,,
pet stain cleaner,USD,5000,-90%,0%,High,97,0.7,4.65,,,,,,,,,,,,,,,,,
hoover spotless pet,USD,50,0%,0%,Medium,59,,,,,,,,,,,,,,,,,,,
the rug doctor carpet cleaner,USD,50,0%,0%,High,100,0.44,3.97,,,,,,,,,,,,,,,,,
best carpet cleaner for vomit,USD,500,0%,0%,High,100,0.2,3.41,,,,,,,,,,,,,,,,,
bissell spotclean carpet and upholstery cleaner,USD,50,-100%,-100%,Unknown,,,,,,,,,,,,,,,,,,,,
carpet dust cleaner,USD,500,0%,0%,High,97,0.48,6.06,,,,,,,,,,,,,,,,,
get coffee out of carpet,USD,500,0%,0%,Medium,41,0.03,3,,,,,,,,,,,,,,,,,
top carpet,USD,50,-90%,0%,Medium,58,2.95,19.86,,,,,,,,,,,,,,,,,
karcher carpet steam cleaner,USD,50,0%,0%,High,100,0.34,1.53,,,,,,,,,,,,,,,,,
bissell advanced carpet cleaner,USD,500,900%,0%,High,100,0.29,3.4,,,,,,,,,,,,,,,,,
best way to clean a carpet by hand,USD,50,0%,-90%,Medium,66,0.03,1.95,,,,,,,,,,,,,,,,,
bissell dirtlifter powerbrush,USD,500,0%,0%,High,93,0.39,1.57,,,,,,,,,,,,,,,,,
rug doctor cost,USD,500,0%,0%,High,95,0.21,0.74,,,,,,,,,,,,,,,,,
rug doctor stain remover,USD,50,0%,0%,High,93,0.24,2.59,,,,,,,,,,,,,,,,,
rug doctor price,USD,500,0%,0%,High,95,0.21,0.74,,,,,,,,,,,,,,,,,
best way to clean a rug at home,USD,500,0%,900%,High,99,0.51,4.49,,,,,,,,,,,,,,,,,
carpet cleaner on mattress,USD,500,0%,0%,High,95,0.63,6.91,,,,,,,,,,,,,,,,,
vomit out of carpet,USD,500,0%,0%,Low,11,0.04,7.67,,,,,,,,,,,,,,,,,
huntington home carpet cleaner,USD,50,0%,0%,High,90,,,,,,,,,,,,,,,,,,,
carpet upholstery,USD,500,0%,0%,High,73,2.12,15,,,,,,,,,,,,,,,,,
bissell powerclean turbobrush pet,USD,500,0%,-90%,High,100,0.33,1.65,,,,,,,,,,,,,,,,,
commercial carpet cleaning services,USD,50000,0%,0%,Low,17,6.38,29.46,,,,,,,,,,,,,,,,,
proheat pet bissell,USD,500,0%,-90%,High,99,0.28,1.14,,,,,,,,,,,,,,,,,
bonnet carpet cleaning,USD,500,0%,0%,High,100,0.54,4,,,,,,,,,,,,,,,,,
a carpet,USD,500,0%,0%,Medium,50,5.01,13.85,,,,,,,,,,,,,,,,,
fresh carpet,USD,50,0%,0%,Medium,43,4.27,19.61,,,,,,,,,,,,,,,,,
rug doctor portable,USD,500,0%,0%,High,100,0.35,1.17,,,,,,,,,,,,,,,,,
county carpets,USD,50,0%,0%,Medium,55,5.02,22.56,,,,,,,,,,,,,,,,,
carpet odor,USD,500,0%,0%,High,93,0.48,3.75,,,,,,,,,,,,,,,,,
best way to clean vomit from carpet,USD,500,0%,0%,Low,24,0.15,4.01,,,,,,,,,,,,,,,,,
bissell crosswave on carpet,USD,500,0%,0%,High,96,0.56,5.45,,,,,,,,,,,,,,,,,
bonnet cleaning,USD,500,0%,0%,Medium,53,0.33,8.16,,,,,,,,,,,,,,,,,
cleaning vomit off carpet,USD,50,-90%,-90%,Low,16,0.81,6.74,,,,,,,,,,,,,,,,,
urine on carpet,USD,5000,0%,0%,Low,8,0.55,4.53,,,,,,,,,,,,,,,,,
pet urine,USD,500,0%,0%,High,94,0.55,5,,,,,,,,,,,,,,,,,
getting vomit out of carpet,USD,500,0%,0%,Low,16,0.12,4.65,,,,,,,,,,,,,,,,,
getting slime out of carpet,USD,500,0%,0%,Low,29,0.02,0.03,,,,,,,,,,,,,,,,,
matted carpet,USD,5000,0%,0%,Low,7,,,,,,,,,,,,,,,,,,,
turboclean,USD,5000,0%,0%,High,96,0.36,2.4,,,,,,,,,,,,,,,,,
slime out of carpet,USD,500,0%,0%,Low,29,0.02,0.03,,,,,,,,,,,,,,,,,
vomit on carpet,USD,500,0%,0%,Low,5,0.03,10,,,,,,,,,,,,,,,,,
inside out carpet cleaning,USD,50,∞,0%,Low,28,7.34,20,,,,,,,,,,,,,,,,,
removing slime from carpet,USD,500,0%,0%,Low,33,0.02,0.04,,,,,,,,,,,,,,,,,
bissell turboclean powerbrush pet carpet cleaner 2806,USD,50,0%,-90%,High,100,,,,,,,,,,,,,,,,,,,
bissell turboclean powerbrush pet carpet cleaner 2987,USD,500,0%,-90%,High,99,0.33,2.74,,,,,,,,,,,,,,,,,
bissell turboclean ™ dualpro pet carpet cleaner,USD,50,0%,0%,High,100,0.28,1.91,,,,,,,,,,,,,,,,,
clean r carpets,USD,50,-100%,-100%,Unknown,,,,,,,,,,,,,,,,,,,,
hoover cleanslate pet carpet & upholstery spot deep cleaner,USD,50,-100%,0%,Unknown,,,,,,,,,,,,,,,,,,,,
hoover cleanslate portable carpet and upholstery pet spot cleaner fh14010,USD,50,0%,0%,High,70,,,,,,,,,,,,,,,,,,,
kingdom carpet cleaning,USD,50,0%,-90%,Low,6,,,,,,,,,,,,,,,,,,,
spotclean pro ™ portable carpet cleaner,USD,50,0%,0%,High,100,0.33,3.11,,,,,,,,,,,,,,,,,