Category,Organization / Event,URL,How to Get Listed / Description,Paid or Free,Priority Level,Notes / Action
Local organizations & community groups,DC Chamber of Commerce,https://dcchamber.org/membership/,Join and appear in member directory; sponsorship gives extra mentions.,Paid,High authority / Low effort,Apply online; add profile link after approval
Local organizations & community groups,Greater Washington Board of Trade,https://www.bot.org/,Join GWBoT; members appear in directory and get event exposure.,Paid,High authority / Low effort,
Local organizations & community groups,Greater Washington Hispanic Chamber of Commerce (GWHCC),https://www.gwhcc.org/sponsorships.html,Sponsor signature events; contact listed on page.,Paid,High authority / Low effort,
Local organizations & community groups,Greater Washington Black Chamber of Commerce,https://business.gwbcc.org/member-directory,Join and get listed in searchable directory.,Paid,High authority / Low effort,
Local organizations & community groups,Maryland Chamber of Commerce,https://www.mdchamber.org/,Join; statewide events and exposure.,Paid,High authority / Low effort,
Local organizations & community groups,Northern Virginia Chamber of Commerce,https://web.nvcbusiness.org/search,Join; get directory listing and access to sponsorship/advertising.,Paid,High authority / Low effort,
Local organizations & community groups,Central Maryland Chamber,https://web.centralmarylandchamber.org/search,Join; directory listing + sponsor recognition options.,Paid,High authority / Low effort,
Events & sponsorship opportunities,H Street Festival (DC),https://hstreetfestival.org/partners,Become sponsor/vendor; sponsors acknowledged online.,Paid,High visibility / Medium effort,Apply early; high demand
Events & sponsorship opportunities,Adams Morgan Day (DC),https://www.admoday.com/sponsorships-donations/,Sponsor or vendor; nonprofit tax-deductible options.,Paid,High visibility / Medium effort,
Events & sponsorship opportunities,Arlington County Fair (VA),https://arlingtoncountyfair.us/support-the-fair/,Sponsor packages with on-site presence + web mentions.,Paid,High visibility / Medium effort,
Events & sponsorship opportunities,Montgomery County Agricultural Fair (MD),https://mcagfair.com/sponsors/,Sponsor packages; sponsors listed on site.,Paid,High visibility / Medium effort,
Events & sponsorship opportunities,Destination DC,https://washington.org/members/DC-information/sponsorship-opportunities,Sponsor citywide programs; includes digital mentions.,Paid,High visibility / Medium effort,
Events & sponsorship opportunities,Events DC,https://eventsdc.com/partner-us,Strategic partnerships; brand exposure around major events.,Paid,High visibility / Medium effort,
Local media outlets & publications,WTOP,https://wtop.com/advertise/,Buy ads or branded content features; strong DMV audience.,Paid,Media / Sponsored content,Request 2025 media kit
Local media outlets & publications,Greater Greater Washington,https://ggwash.org/advertise,Sponsor content; pitch urbanism/home-improvement angles.,Paid,Media / Sponsored content,
Local media outlets & publications,Washington Informer,https://www.washingtoninformer.com/washington-informer-media-kit/,Buy ads or advertorials; email on page.,Paid,Media / Sponsored content,
Local media outlets & publications,The Georgetowner,https://georgetowner.com/,Ad buys or sponsored articles.,Paid,Media / Sponsored content,
Local media outlets & publications,Patch (DC/MD/VA),https://patch.com/us/across-america/advertise-with-us,"Buy local ads, sponsored posts, or create free directory listings.",Mixed,Media / Sponsored content,
Educational institutions & government pages,DC Government Vendor Portal,https://vendorportal.dc.gov/,Register as vendor to be eligible for listings/awards; searchable profile.,Free,High authority / Low effort,Add NAICS and DUNS numbers
Educational institutions & government pages,DC Office of the CFO,https://cfo.dc.gov/service/vendor-services,Register via supplier portal; contact listed.,Free,High authority / Low effort,
Educational institutions & government pages,Fairfax County Vendor Pitch Portal,https://www.fairfaxcounty.gov/procurement/vendor-pitch-portal,Submit one pitch reviewed by multiple county agencies + FCPS.,Free,High authority / Low effort,
Educational institutions & government pages,Arlington County Supplier Portal,(PRISM+ portal),Register as supplier; used for bids and vendor records.,Free,High authority / Low effort,
Educational institutions & government pages,Montgomery County Vendor Resources,(CVRS page),Register in vendor system; listed in public directory.,Free,High authority / Low effort,
Educational institutions & government pages,DC Public Schools Partnerships,https://dcps.dc.gov/page/dcps-partners,Engage as partner or sponsor school initiatives.,Paid/Free,Community / High trust,
Business directories & industry platforms,The Blue Book Network,https://www.thebluebook.com/,Claim or create company profile; get bid invites and directory exposure.,Free/Paid,Lead gen / High ROI,
Business directories & industry platforms,Houzz Pro Directory,https://www.houzz.com/pro,Create free Pro account; appear in drywall/painting searches.,Free/Paid,Lead gen / High ROI,
Business directories & industry platforms,Angi (Angie’s List),https://www.angi.com/pros,Set up free profile; paid options for leads.,Free/Paid,Lead gen / High ROI,
Business directories & industry platforms,BuildZoom,https://www.buildzoom.com/,Claim profile; surfaces licensed contractors & past projects.,Free/Paid,Lead gen / High ROI,
Business directories & industry platforms,Porch,https://porch.com/,Join Pro Network; appear in local search results.,Free/Paid,Lead gen / High ROI,
,,,,,,
Would you like me to generate this as an actual .csv file for download so you can open it directly in Sheets?,,,,,,